Year,DATE,C,I,G,IM,EX,Temp,inflation,unemploy,LTGBY,pop_44,pop_64,top10,C2,I2,G2,IM2,EX2,pop_44_2,pop_64_2
1955,7/1/1955,0.016374269,0.027510316,0.017297297,0.01754386,0.071005917,49.6,0.49937578,4,2.9,0,0,36.7,0.000268117,0.000756817,0.000299196,0.000307787,0.00504184,0,0
1955,10/1/1955,0.014959724,0.0562249,-0.008501594,0.040229885,0.011049724,49.6,0.124223602,4.3,2.88,0,0,36.7,0.000223793,0.003161239,7.22771E-05,0.001618444,0.000122096,0,0
1956,1/1/1956,0.006046863,-0.007604563,0.01607717,0.044198895,0.06010929,51.5,-0.248138958,4,2.9,0.003923526,0.016446579,35.74,3.65646E-05,5.78294E-05,0.000258475,0.001953542,0.003613127,1.53941E-05,0.00027049
1956,4/1/1956,0.009767092,-0.01660281,0.035864979,0.005291005,0.077319588,51.5,0.870646766,4,3.18,0,0,35.74,9.53961E-05,0.000275653,0.001286297,2.79947E-05,0.005978319,0,0
1956,7/1/1956,0.012276786,0.016883117,0.00101833,0.015789474,0.043062201,51.5,1.233045623,4.4,3.11,0,0,35.74,0.000150719,0.00028504,1.037E-06,0.000249307,0.001854353,0,0
1956,10/1/1956,0.019478133,-0.01532567,0.03051882,-0.041450777,0.059633028,51.5,0.609013398,3.9,3.34,0,0,35.74,0.000379398,0.000234876,0.000931398,0.001718167,0.003556098,0,0
1957,1/1/1957,0.016222062,0.007782101,0.039486673,0.086486486,0.077922078,51.7,0.605326877,4.2,3.46,0.001294098,0.015689173,35.69,0.000263155,6.05611E-05,0.001559197,0.007479912,0.00607185,1.67469E-06,0.00024615
1957,4/1/1957,0.008158922,0.002574003,0.004748338,0.009950249,-0.020080321,51.7,1.083032491,3.9,3.48,0,0,35.69,6.6568E-05,6.62549E-06,2.25467E-05,9.90075E-05,0.000403219,0,0
1957,7/1/1957,0.016185785,0.017971759,0.015122873,-0.024630542,-0.024590164,51.7,1.071428571,4.2,3.93,0,0,35.69,0.00026198,0.000322984,0.000228701,0.000606664,0.000604676,0,0
1957,10/1/1957,0.005540166,-0.104665826,0.025139665,-0.01010101,-0.033613445,51.7,0.23557126,4.5,3.97,0,0,35.69,3.06934E-05,0.010954935,0.000632003,0.00010203,0.001129864,0,0
1958,1/1/1958,-0.001721763,-0.06056338,-0.002724796,-0.005102041,-0.108695652,53.6,1.057579318,5.8,3.09,-0.002186371,0.014958496,35.51,2.96447E-06,0.003667923,7.42451E-06,2.60308E-05,0.011814745,4.78022E-06,0.000223757
1958,4/1/1958,0.010003449,-0.023988006,0.034608379,0.030769231,0,53.6,0.813953488,7.4,2.88,0,0,35.51,0.000100069,0.000575424,0.00119774,0.000946746,0,0,0
1958,7/1/1958,0.017418033,0.105990783,0.013204225,-0.019900498,0.004878049,53.6,0.115340254,7.5,3.2,0,0,35.51,0.000303388,0.011234046,0.000174352,0.00039603,2.37954E-05,0,0
1958,10/1/1958,0.013091641,0.111111111,0.025195482,0.055837563,0,53.6,0,6.7,3.8,0,0,35.51,0.000171391,0.012345679,0.000634812,0.003117833,0,0,0
1959,1/1/1959,0.02518224,0.04,-0.006779661,0.028846154,0.063106796,51.7,0,6,4.02,-0.003063448,0.01578481,35.95,0.000634145,0.0016,4.59638E-05,0.000832101,0.003982468,9.38471E-06,0.00024916
1959,4/1/1959,0.019715579,0.074519231,0.01109215,0.051401869,-0.00456621,51.7,0.34562212,5.2,4.12,0,0,35.95,0.000388704,0.005553116,0.000123036,0.002642152,2.08503E-05,0,0
1959,7/1/1959,0.016481775,-0.064876957,0.008438819,0.017777778,0.105504587,51.7,0.688863375,5.1,4.4,0,0,35.95,0.000271649,0.00420902,7.12137E-05,0.000316049,0.011131218,0,0
1959,10/1/1959,0.006548176,0.034688995,-0.007531381,-0.017467249,-0.041493776,51.7,0.570125428,5.7,4.53,0,0,35.95,4.28786E-05,0.001203326,5.67217E-05,0.000305105,0.001721733,0,0
1960,1/1/1960,0.011152416,0.115606936,-0.013490725,0.035555556,0.12987013,51.9,-0.113378685,5.2,4.72,-0.001093841,0.015143537,35.49,0.000124376,0.013364964,0.000182,0.001264198,0.016866251,1.19649E-06,0.000229327
1960,4/1/1960,0.017769608,-0.097409326,0.011965812,0.008583691,0.030651341,51.9,0.56753689,5.2,4.28,0,0,35.49,0.000315759,0.009488577,0.000143181,7.36798E-05,0.000939505,0,0
1960,7/1/1960,-0.000301023,-0.008036739,0.033783784,-0.025531915,0.026022305,51.9,0.225733634,5.5,3.9,0,0,35.49,9.06148E-08,6.45892E-05,0.001141344,0.000651879,0.00067716,0,0
1960,10/1/1960,0.005721168,-0.12037037,0.015522876,-0.052401747,0,51.9,0.675675676,6.1,3.89,0,0,35.49,3.27318E-05,0.014489026,0.00024096,0.002745943,0,0,0
1961,1/1/1961,0.001497006,0.031578947,0.015285599,0,0,52.3,0,6.6,3.84,-0.001185153,0.014355498,35.57,2.24103E-06,0.00099723,0.00023365,0,0,1.40459E-06,0.00020608
1961,4/1/1961,0.014947683,0.072704082,0.008716323,0.00921659,-0.036231884,52.3,0,7,3.78,0,0,35.57,0.000223433,0.005285884,7.59743E-05,8.49455E-05,0.001312749,0,0
1961,7/1/1961,0.008247423,0.080856124,0.021209741,0.063926941,0.045112782,52.3,0.559284116,7,3.92,0,0,35.57,6.802E-05,0.006537713,0.000449853,0.004086654,0.002035163,0,0
1961,10/1/1961,0.021326322,0.0220022,0.026923077,0.025751073,0.021582734,52.3,0.111234705,6.5,3.92,0,0,35.57,0.000454812,0.000484097,0.000724852,0.000663118,0.000465814,0,0
1962,1/1/1962,0.014874142,0.055974166,0.026966292,0.016736402,-0.003521127,50.6,0.222222222,5.8,4.08,-0.001509472,0.014487085,36.15,0.00022124,0.003133107,0.000727181,0.000280107,1.23983E-05,2.27851E-06,0.000209876
1962,4/1/1962,0.016065389,-0.014271152,0.00948213,0.024691358,0.049469965,50.6,0.44345898,5.6,3.84,0,0,36.15,0.000258097,0.000203666,8.99108E-05,0.000609663,0.002447277,0,0
1962,7/1/1962,0.010540915,0.015511892,0.026734104,0.008032129,-0.003367003,50.6,0.441501104,5.4,4.01,0,0,36.15,0.000111111,0.000240619,0.000714712,6.45151E-05,1.13367E-05,0,0
1962,10/1/1962,0.017293439,-0.032586558,0.010555947,0.019920319,-0.030405405,50.6,0.21978022,5.4,3.93,0,0,36.15,0.000299063,0.001061884,0.000111428,0.000396819,0.000924489,0,0
1963,1/1/1963,0.00998381,0.049473684,0.000696379,-0.015625,0.017421603,50.9,0.109649123,5.7,3.83,-0.000396167,0.0141508,36.58,9.96765E-05,0.002447645,4.84944E-07,0.000244141,0.000303512,1.56948E-07,0.000200245
1963,4/1/1963,0.01095378,0.020060181,0.002783577,0.027777778,0.075342466,50.9,0.328587076,5.7,3.97,0,0,36.58,0.000119985,0.000402411,7.7483E-06,0.000771605,0.005676487,0,0
1963,7/1/1963,0.018498943,0.028515241,0.040249827,0.030888031,-0.006369427,50.9,0.545851528,5.6,4.02,0,0,36.58,0.000342211,0.000813119,0.001620049,0.00095407,4.05696E-05,0,0
1963,10/1/1963,0.011935651,0.024856597,0.007338225,0.003745318,0.041666667,50.9,0.434310532,5.5,4.11,0,0,36.58,0.00014246,0.00061785,5.38495E-05,1.40274E-05,0.001736111,0,0
1964,1/1/1964,0.024615385,0.030783582,0.010596026,0.007462687,0.052307692,48.3,0.216216216,5.6,4.17,-0.000774242,0.014706723,36.95,0.000605917,0.000947629,0.000112276,5.56917E-05,0.002736095,5.99451E-07,0.000216288
1964,4/1/1964,0.01976977,0,0.011140236,0.025925926,-0.005847953,48.3,0.107874865,5.3,4.23,0,0,36.95,0.000390844,0,0.000124105,0.000672154,3.41986E-05,0,0
1964,7/1/1964,0.021840491,0.019004525,0.011017498,0.025270758,0.041176471,48.3,0.431034483,4.9,4.19,0,0,36.95,0.000477007,0.000361172,0.000121385,0.000638611,0.001695502,0,0
1964,10/1/1964,0.006243996,0.021314387,0.001282051,0.031690141,0.031073446,48.3,0.321888412,5.1,4.19,0,0,36.95,3.89875E-05,0.000454303,1.64365E-06,0.001004265,0.000965559,0,0
1965,1/1/1965,0.025536993,0.1,0.005121639,-0.027303754,-0.095890411,50.5,0.213903743,4.9,4.19,-0.00097747,0.015086433,36.65,0.000652138,0.01,2.62312E-05,0.000745495,0.009194971,9.55448E-07,0.0002276
1965,4/1/1965,0.016057715,0.004743083,0.017834395,0.112280702,0.163636364,50.5,0.747065101,4.8,4.2,0,0,36.65,0.00025785,2.24968E-05,0.000318066,0.012606956,0.02677686,0,0
1965,7/1/1965,0.021071919,0.032258065,0.043804756,0.009463722,-0.020833333,50.5,0.423728814,4.4,4.2,0,0,36.65,0.000444026,0.001040583,0.001918857,8.9562E-05,0.000434028,0,0
1965,10/1/1965,0.031179901,0.019817073,0.034772182,0.059375,0.055851064,50.5,0.421940928,4.2,4.35,0,0,36.65,0.000972186,0.000392716,0.001209105,0.003525391,0.003119341,0,0
1966,1/1/1966,0.02262345,0.077727952,0.025492468,0.032448378,-0.007556675,52.4,0.735294118,4,4.61,0.001889557,0.01585656,36.37,0.00051182,0.006041635,0.000649866,0.001052897,5.71033E-05,3.57043E-06,0.00025143
1966,4/1/1966,0.010848756,-0.004854369,0.026553672,0.034285714,0.038071066,52.4,1.147028154,3.8,4.75,0,0,36.37,0.000117696,2.35649E-05,0.000705097,0.00117551,0.001449406,0,0
1966,7/1/1966,0.019149832,-0.002090592,0.042927903,0.055248619,0,52.4,0.927835052,3.8,5.02,0,0,36.37,0.000366716,4.37057E-06,0.001842805,0.00305241,0,0,0
1966,10/1/1966,0.011976048,0.018854749,0.021635884,0.015706806,0.041564792,52.4,0.817160368,3.7,5.01,0,0,36.37,0.000143426,0.000355502,0.000468111,0.000246704,0.001727632,0,0
1967,1/1/1967,0.00856968,-0.02124743,0.046487603,0.015463918,0.030516432,51.9,0.101317123,3.9,4.58,0.004120748,0.016670619,35.26,7.34394E-05,0.000451453,0.002161097,0.000239133,0.000931253,1.69806E-05,0.00027791
1967,4/1/1967,0.018612179,-0.037114846,0.005923001,-0.010152284,-0.01594533,51.9,0.809716599,3.8,4.59,0,0,35.26,0.000346413,0.001377512,3.50819E-05,0.000103069,0.000254254,0,0
1967,7/1/1967,0.014299901,0.038545455,0.022571148,0.012820513,-0.009259259,51.9,0.903614458,3.8,5.16,0,0,35.26,0.000204487,0.001485752,0.000509457,0.000164366,8.57339E-05,0,0
1967,10/1/1967,0.014685725,0.034313725,0.023512476,0.055696203,0.025700935,51.9,0.895522388,4,5.48,0,0,35.26,0.000215671,0.001177432,0.000552837,0.003102067,0.000660538,0,0
1968,1/1/1968,0.034928599,0.031144211,0.030004688,0.064748201,0.036446469,50.3,1.183431953,3.7,5.53,0.011147475,0.016266246,35.49,0.001220007,0.000969962,0.000900281,0.00419233,0.001328345,0.000124266,0.000264591
1968,4/1/1968,0.025545404,0.043335522,0.017751479,0.022522523,0.037362637,50.3,0.974658869,3.5,5.64,0,0,35.49,0.000652568,0.001877967,0.000315115,0.000507264,0.001395967,0,0
1968,7/1/1968,0.029272727,-0.020138452,0.016994633,0.061674009,0.05720339,50.3,1.351351351,3.7,5.5,0,0,35.49,0.000856893,0.000405557,0.000288818,0.003803683,0.003272228,0,0
1968,10/1/1968,0.015721604,0.032755299,0.017150396,0,-0.016032064,50.3,1.142857143,3.4,5.58,0,0,35.49,0.000247169,0.00107291,0.000294136,0,0.000257027,0,0
1969,1/1/1969,0.020869565,0.072139303,0.010376135,-0.091286307,-0.103869654,52,1.224105461,3.4,6.04,0.00719312,0.014481799,34.11,0.000435539,0.005204079,0.000107664,0.00833319,0.010788905,5.1741E-05,0.000209723
1969,4/1/1969,0.019250426,0.001740139,0.013692769,0.203196347,0.222727273,52,1.674418605,3.4,6.17,0,0,34.11,0.000370579,3.02808E-06,0.000187492,0.041288755,0.049607438,0,0
1969,7/1/1969,0.017215444,0.028372901,0.023638666,-0.0056926,-0.003717472,52,1.463860933,3.5,6.72,0,0,34.11,0.000296372,0.000805022,0.000558787,3.24057E-05,1.38196E-05,0,0
1969,10/1/1969,0.019717384,-0.033783784,0.001237113,0.013358779,0.050373134,52,1.442741208,3.7,7.1,0,0,34.11,0.000388775,0.001141344,1.53045E-06,0.000178457,0.002537453,0,0
1970,1/1/1970,0.017885917,-0.02039627,0.021004942,0.007532957,0.012433393,51.6,1.333333333,3.9,7.79,0.00851917,0.013540928,33.55,0.000319906,0.000416008,0.000441208,5.67454E-05,0.000154589,7.25763E-05,0.000183357
1970,4/1/1970,0.015671996,0.020226056,0.004840662,0.031775701,0.059649123,51.6,1.666666667,4.6,7.39,0,0,33.55,0.000245611,0.000409093,2.3432E-05,0.001009695,0.003558018,0,0
1970,7/1/1970,0.018547382,0.013994169,0.022079486,0.02173913,0.001655629,51.6,1.121656601,5,7.46,0,0,33.55,0.000344005,0.000195837,0.000487504,0.00047259,2.74111E-06,0,0
1970,10/1/1970,0.010252487,-0.040828062,0.016103692,0.026595745,0.00661157,51.6,1.365187713,5.5,7.33,0,0,33.55,0.000105113,0.001666931,0.000259329,0.000707334,4.37129E-05,0,0
1971,1/1/1971,0.028779158,0.136091127,0.01236954,0.013816926,0.037766831,50.5,0.757575758,5.9,6.24,0.009554912,0.011483958,34.08,0.00082824,0.018520795,0.000153006,0.000190907,0.001426334,9.12963E-05,0.000131881
1971,4/1/1971,0.020612485,0.04116095,0.016036655,0.078364566,-0.004746835,50.5,1.086048454,5.9,5.83,0,0,34.08,0.000424875,0.001694224,0.000257174,0.006141005,2.25324E-05,0,0
1971,7/1/1971,0.017888055,0.024328434,0.013904547,0.034755134,0.044515103,50.5,1.074380165,6,6.73,0,0,34.08,0.000319983,0.000591873,0.000193336,0.001207919,0.001981594,0,0
1971,10/1/1971,0.02281746,-0.018307768,0.008524833,-0.054961832,-0.086757991,50.5,0.490596893,5.8,5.93,0,0,34.08,0.000520636,0.000335174,7.26728E-05,0.003020803,0.007526949,0,0
1972,1/1/1972,0.023832617,0.07358871,0.037118706,0.166397415,0.143333333,52.3,0.732302685,5.8,5.95,0.031614603,0.00979226,34.42,0.000567994,0.005415298,0.001377798,0.0276881,0.020544444,0.000999483,9.58884E-05
1972,4/1/1972,0.025037217,0.064788732,0.01523742,-0.011080332,-0.020408163,52.3,0.807754443,5.7,6.19,0,0,34.42,0.000626862,0.00419758,0.000232179,0.000122774,0.000416493,0,0
1972,7/1/1972,0.024293636,0.027777778,-0.007678883,0.037815126,0.063988095,52.3,0.961538462,5.6,6.11,0,0,34.42,0.000590181,0.000771605,5.89652E-05,0.001429984,0.004094476,0,0
1972,10/1/1972,0.031838103,0.028314028,0.026028843,0.068825911,0.064335664,52.3,0.952380952,5.6,6.48,0,0,34.42,0.001013665,0.000801684,0.000677501,0.004737006,0.004139078,0,0
1973,1/1/1973,0.030605871,0.06090947,0.027082619,0.078282828,0.103810775,51.4,1.257861635,4.9,6.46,0.025071586,0.007885958,34.62,0.000936719,0.003709964,0.000733468,0.006128201,0.010776677,0.000628584,6.21883E-05
1973,4/1/1973,0.018787879,0.054659851,0.01034713,0.048009368,0.094047619,51.4,2.251552795,5,6.67,0,0,34.62,0.000352984,0.002987699,0.000107063,0.002304899,0.008844955,0,0
1973,7/1/1973,0.021891731,-0.014541387,0.004955401,0.017877095,0.062023939,51.4,2.201974184,4.8,7.13,0,0,34.62,0.000479248,0.000211452,2.4556E-05,0.000319591,0.003846969,0,0
1973,10/1/1973,0.017464198,0.062807416,0.027613412,0.083424808,0.102459016,51.4,2.303120357,4.6,6.79,0,0,34.62,0.000304998,0.003944772,0.000762501,0.006959699,0.01049785,0,0
1974,1/1/1974,0.020597322,-0.044499822,0.038387716,0.117527862,0.084572491,52.9,2.832244009,5.1,6.99,0.025154909,0.006635918,33.56,0.00042425,0.001980234,0.001473617,0.013812798,0.007152506,0.000632769,4.40354E-05
1974,4/1/1974,0.031954255,0.033532042,0.032039433,0.173164098,0.085689803,52.9,2.824858757,5.1,7.51,0,0,33.56,0.001021074,0.001124398,0.001026525,0.029985805,0.007342742,0,0
1974,7/1/1974,0.031399392,-0.023071377,0.034925373,0.032457496,-0.000789266,52.9,3.021978022,5.5,7.81,0,0,33.56,0.000985922,0.000532288,0.001219782,0.001053489,6.22941E-07,0,0
1974,10/1/1974,0.010323396,0.03800738,0.036054226,0.02245509,0.078988942,52.9,3,6,7.9,0,0,33.56,0.000106573,0.001444561,0.001299907,0.000504231,0.006239253,0,0
1975,1/1/1975,0.027213012,-0.131532172,0.030345212,-0.085651537,0.035139092,50.8,1.812297735,8.1,7.5,0.023584958,0.006423867,33.95,0.000740548,0.017300712,0.000920832,0.007336186,0.001234756,0.00055625,4.12661E-05
1975,4/1/1975,0.028826634,-0.004093328,0.008916509,-0.07766213,-0.032531825,50.8,1.52574698,8.8,8.23,0,0,33.95,0.000830975,1.67553E-05,7.95041E-05,0.006031406,0.00105832,0,0
1975,7/1/1975,0.033149171,0.09001233,0.032137118,0.059895833,-0.019736842,50.8,2.12899186,8.6,8.06,0,0,33.95,0.001098868,0.00810222,0.001032794,0.003587511,0.000389543,0,0
1975,10/1/1975,0.027692895,0.04147813,0.026466009,0.054054054,0.062639821,50.8,1.59411404,8.4,8.14,0,0,33.95,0.000766896,0.001720435,0.00070045,0.002921841,0.003923747,0,0
1976,1/1/1976,0.031313882,0.102824041,0.014408493,0.079254079,0.007719298,51.6,0.965600483,7.9,7.74,0.028555346,0.004713065,33.9,0.000980559,0.010572783,0.000207605,0.006281209,5.95876E-05,0.000815408,2.2213E-05
1976,4/1/1976,0.017659249,0.058108995,-0.00074757,0.059035277,0.020891365,51.6,1.255230126,7.7,7.56,0,0,33.9,0.000311849,0.003376655,5.58861E-07,0.003485164,0.000436449,0,0
1976,7/1/1976,0.025940682,0.018616196,0.006234414,0.05914344,0.035470668,51.6,1.593860685,7.8,7.83,0,0,33.9,0.000672919,0.000346563,3.88679E-05,0.003497946,0.001258168,0,0
1976,10/1/1976,0.028995513,0.028632348,0.018091698,0.044287548,0.028326746,51.6,1.162115049,7.7,7.41,0,0,33.9,0.00084074,0.000819811,0.00032731,0.001961387,0.000802405,0,0
1977,1/1/1977,0.030023482,0.066923305,0.025316456,0.084204057,-0.004484305,53.2,1.723147616,7.5,7.21,0.030580255,0.003225021,34.27,0.000901409,0.004478729,0.000640923,0.007090323,2.0109E-05,0.000935152,1.04008E-05
1977,4/1/1977,0.02263475,0.081598668,0.024216524,0.037414966,0.041827542,53.2,2.20214568,7.2,7.37,0,0,34.27,0.000512332,0.006658343,0.00058644,0.00139988,0.001749543,0,0
1977,7/1/1977,0.024601911,0.062612266,0.015299026,-0.000546448,0.002470661,53.2,1.436464088,6.9,7.33,0,0,34.27,0.000605254,0.003920296,0.00023406,2.98605E-07,6.10417E-06,0,0
1977,10/1/1977,0.029450618,0.01980198,0.019863014,0.024603609,-0.027726433,53.2,1.089324619,6.8,7.52,0,0,34.27,0.000867339,0.000392118,0.000394539,0.000605338,0.000768755,0,0
1978,1/1/1978,0.022116546,0.029599811,0.01320797,0.084845251,0.043092522,53.3,1.724137931,6.4,7.96,0.031952827,0.003077575,34.02,0.000489142,0.000876149,0.00017445,0.007198717,0.001856965,0.001020983,9.47147E-06
1978,4/1/1978,0.042315929,0.082336707,0.043526293,0.027053615,0.131227217,53.3,2.542372881,6.1,8.15,0,0,34.02,0.001790638,0.006779333,0.001894538,0.000731898,0.017220582,0,0
1978,7/1/1978,0.021822304,0.046323842,0.02519585,0.030172414,0.027389903,53.3,2.376033058,6.2,8.64,0,0,34.02,0.000476213,0.002145898,0.000634831,0.000910375,0.000750207,0,0
1978,10/1/1978,0.027180696,0.04752234,0.024783147,0.031148303,0.073706221,53.3,2.018163471,5.8,8.64,0,0,34.02,0.00073879,0.002258373,0.000614204,0.000970217,0.005432607,0,0
1979,1/1/1979,0.024098825,0.019387359,0.011285772,0.03606853,0.03067186,52.7,2.472799209,5.9,9.1,0.033311474,0.00235041,34.31,0.000580753,0.00037587,0.000127369,0.001300939,0.000940763,0.001109654,5.52443E-06
1979,4/1/1979,0.026695669,0.025675162,0.02929454,0.057876414,0.043457723,52.7,3.474903475,5.8,9.18,0,0,34.31,0.000712659,0.000659214,0.00085817,0.003349679,0.001888574,0,0
1979,7/1/1979,0.034861325,0.01168181,0.0321394,0.058412176,0.060660933,52.7,3.311567164,5.7,8.95,0,0,34.31,0.001215312,0.000136465,0.001032941,0.003411982,0.003679749,0,0
1979,10/1/1979,0.026738631,0.004215543,0.027574564,0.09016712,0.082799829,52.7,2.844243792,6,10.3,0,0,34.31,0.000714954,1.77708E-05,0.000760357,0.00813011,0.006855812,0,0
1980,1/1/1980,0.02858006,0.012228509,0.038335159,0.084848485,0.058336618,52.8,3.950834065,6.3,10.8,0.030226908,0.00240703,33.84,0.00081682,0.000149536,0.001469584,0.007199265,0.003403161,0.000913666,5.79379E-06
1980,4/1/1980,0.001409857,-0.063649477,0.034634318,-0.038448899,0.033147114,52.8,3.673986486,6.9,11.47,0,0,33.84,1.9877E-06,0.004051256,0.001199536,0.001478318,0.001098731,0,0
1980,7/1/1980,0.034668857,-0.046601194,0.006287171,-0.045796309,0.026315789,52.8,1.83299389,7.8,10.25,0,0,33.84,0.00120193,0.002171671,3.95285E-05,0.002097302,0.000692521,0,0
1980,10/1/1980,0.03860982,0.113916381,0.028199932,0.071633238,0.02739726,52.8,2.64,7.5,11.75,0,0,33.84,0.001490718,0.012976942,0.000795236,0.005131321,0.00075061,0,0
1981,1/1/1981,0.029368415,0.123118767,0.040236492,0.068516043,0.044444444,54.3,2.650038971,7.5,12.57,0.032593936,-8.08E-05,34.33,0.000862504,0.015158231,0.001618975,0.004694448,0.001975309,0.001062365,6.5274E-09
1981,4/1/1981,0.016863764,-0.01549887,0.024155352,0.007194245,0.009819967,54.3,2.3158694,7.2,13.68,0,0,34.33,0.000284387,0.000240215,0.000583481,5.17572E-05,9.64318E-05,0,0
1981,7/1/1981,0.021173403,0.069694982,0.014028056,-0.03757764,-0.020097245,54.3,2.820037106,7.2,14.28,0,0,34.33,0.000448313,0.004857391,0.000196786,0.001412079,0.000403899,0,0
1981,10/1/1981,0.008324396,-0.013644029,0.030252356,0.03065505,0.007939133,54.3,1.443522194,7.9,15.15,0,0,34.33,6.92956E-05,0.00018616,0.000915205,0.000939732,6.30298E-05,0,0
1982,1/1/1982,0.020158023,-0.085638794,0.015346023,-0.030995617,-0.037742041,51,0.818214159,8.6,14.59,0.032969961,-0.000856872,34.6,0.000406346,0.007334003,0.0002355,0.000960728,0.001424462,0.001087018,7.3423E-07
1982,4/1/1982,0.012610466,0.009009009,0.021799157,-0.033602585,0.005115962,51,1.517290049,9.3,13.87,0,0,34.6,0.000159024,8.11622E-05,0.000475203,0.001129134,2.61731E-05,0,0
1982,7/1/1982,0.022602471,-0.001010782,0.020196274,0.034102307,-0.051238548,51,1.876955162,9.8,13.95,0,0,34.6,0.000510872,1.02168E-06,0.000407889,0.001162967,0.002625389,0,0
1982,10/1/1982,0.028719375,-0.07386172,0.028021748,-0.046556741,-0.051144492,51,0.238826339,10.4,10.91,0,0,34.6,0.000824803,0.005455554,0.000785218,0.00216753,0.002615759,0,0
1983,1/1/1983,0.018176734,0.029679534,0.014239219,0.001356392,0.020354316,53.5,-0.068073519,10.4,10.46,0.030059162,0.000272162,35.36,0.000330394,0.000880875,0.000202755,1.8398E-06,0.000414298,0.000903553,7.40722E-08
1983,4/1/1983,0.029662181,0.085411141,0.017649418,0.07653234,0.006649427,53.5,1.260217984,10.2,10.4,0,0,35.36,0.000879845,0.007295063,0.000311502,0.005857199,4.42149E-05,0,0
1983,7/1/1983,0.031341691,0.062724014,0.027723032,0.080213904,0.020917431,53.5,1.177262025,9.4,11.38,0,0,35.36,0.000982302,0.003934302,0.000768567,0.00643427,0.000437539,0,0
1983,10/1/1983,0.022673391,0.101487046,-0.009076962,0.042516016,0.030194105,53.5,0.897606383,8.8,11.54,0,0,35.36,0.000514083,0.010299621,8.23912E-05,0.001807612,0.000911684,0,0
1984,1/1/1984,0.019262381,0.100765484,0.02438395,0.083798883,0.022330775,51,1.120263591,8,11.67,0.028638141,0.001623871,36.49,0.000371039,0.010153683,0.000594577,0.007022253,0.000498664,0.000820143,2.63696E-06
1984,4/1/1984,0.023860723,0.035402706,0.031612091,0.047680412,0.031399317,51,1.075268817,7.7,12.63,0,0,36.49,0.000569334,0.001253352,0.000999324,0.002273422,0.000985917,0,0
1984,7/1/1984,0.015186397,0.024423006,0.020266146,0.007626076,0.011581734,51,1.096067054,7.5,13.36,0,0,36.49,0.000230627,0.000596483,0.000410717,5.8157E-05,0.000134137,0,0
1984,10/1/1984,0.019216232,-0.008582668,0.032427905,0.016601562,0.009486425,51,0.733418367,7.4,12.16,0,0,36.49,0.000369264,7.36622E-05,0.001051569,0.000275612,8.99923E-05,0,0
1985,1/1/1985,0.02896401,-0.026211374,0.01483542,-0.045869356,-0.008425146,51.9,0.633111744,7.3,11.38,0.026905028,0.001231291,36.55,0.000838914,0.000687036,0.00022009,0.002103998,7.09831E-05,0.000723881,1.51608E-06
1985,4/1/1985,0.01737481,0.021113718,0.028437643,0.05361188,-0.00620915,51.9,1.226800881,7.3,11.43,0,0,36.55,0.000301884,0.000445789,0.0008087,0.002874234,3.85535E-05,0,0
1985,7/1/1985,0.026959505,-0.005804111,0.029872293,-0.010511228,-0.022361065,51.9,0.714729646,7.4,10.31,0,0,36.55,0.000726815,3.36877E-05,0.000892354,0.000110486,0.000500017,0,0
1985,10/1/1985,0.009186304,0.045366091,0.012076774,0.059633028,0.027245207,51.9,0.89478556,7.1,10.24,0,0,36.55,8.43882E-05,0.002058082,0.000145848,0.003556098,0.000742301,0,0
1986,1/1/1986,0.015902713,0.004653869,0.008736416,0.001139212,0.026195154,52.7,0.214067278,6.7,9.19,0.027160807,0.001310057,36.34,0.000252896,2.16585E-05,7.6325E-05,1.2978E-06,0.000686186,0.000737709,1.71625E-06
1986,4/1/1986,0.009881003,-0.009612044,0.021863118,0.010468821,0.005424378,52.7,-0.213610009,7.1,7.3,0,0,36.34,9.76342E-05,9.23914E-05,0.000477996,0.000109596,2.94239E-05,0,0
1986,7/1/1986,0.023040505,-0.022684752,0.026976744,0.034684685,0.017137417,52.7,0.733944954,7,7.3,0,0,36.34,0.000530865,0.000514598,0.000727745,0.001203027,0.000293691,0,0
1986,10/1/1986,0.012203483,0.007537688,0.002818035,0.020026121,0.04524181,52.7,0.546448087,7,7.43,0,0,36.34,0.000148925,5.68167E-05,7.94132E-06,0.000401046,0.002046821,0,0
1987,1/1/1987,0.010396911,0.034556466,0.01234444,0.019419548,0.004477612,53.4,1.117149758,6.6,7.08,0.022370998,0.004339919,37.47,0.000108096,0.001194149,0.000152385,0.000377119,2.0049E-05,0.000500462,1.88349E-05
1987,4/1/1987,0.023395341,0.003902663,0.016357688,0.051496755,0.056166419,53.4,1.313825022,6.3,8.02,0,0,37.47,0.000547342,1.52308E-05,0.000267574,0.002651916,0.003154667,0,0
1987,7/1/1987,0.020993679,0.002172422,0.010729614,0.029862632,0.046426562,53.4,1.149425287,6.1,8.45,0,0,37.47,0.000440735,4.71942E-06,0.000115125,0.000891777,0.002155426,0,0
1987,10/1/1987,0.010746135,0.079863092,0.01910828,0.039048908,0.054315676,53.4,0.844988345,6,9.52,0,0,37.47,0.000115479,0.006378113,0.000365126,0.001524817,0.002950193,0,0
1988,1/1/1988,0.025706941,-0.040042261,0.000852273,0.009674419,0.067839837,53.3,0.606761052,5.7,8.67,0.016134863,0.013744092,39.24,0.000660847,0.001603383,7.26369E-07,9.35944E-05,0.004602243,0.000260334,0.0001889
1988,4/1/1988,0.018503048,0.028505393,0.012773205,0.006264971,0.049677573,53.3,1.263641585,5.4,8.72,0,0,39.24,0.000342363,0.000812557,0.000163155,3.92499E-05,0.002467861,0,0
1988,7/1/1988,0.021326366,0.008025682,0.007286996,0.012268815,0.032081911,53.3,1.33295519,5.4,9.06,0,0,39.24,0.000454814,6.44116E-05,5.31003E-05,0.000150524,0.001029249,0,0
1988,10/1/1988,0.021594931,0.021974522,0.029400853,0.038892909,0.028659612,53.3,1.03554436,5.4,8.8,0,0,39.24,0.000466341,0.00048288,0.00086441,0.001512658,0.000821373,0,0
1989,1/1/1989,0.01621779,0.044458294,0.00603658,0.020720878,0.039862838,52.2,1.108033241,5.4,9.09,0.017114102,0.009046531,38.78,0.000263017,0.00197654,3.64403E-05,0.000429355,0.001589046,0.000292892,8.18397E-05
1989,4/1/1989,0.018222451,-0.004475385,0.026150815,0.015694302,0.045342127,52.2,1.643835616,5.2,9.18,0,0,38.78,0.000332058,2.00291E-05,0.000683865,0.000246311,0.002055908,0,0
1989,7/1/1989,0.015645225,-0.004495504,0.01640775,-0.018474975,0.004337539,52.2,0.808625337,5.2,8.02,0,0,38.78,0.000244773,2.02096E-05,0.000269214,0.000341325,1.88142E-05,0,0
1989,10/1/1989,0.012273508,-0.000702459,0.013652756,0.023613963,0.011778563,52.2,0.962566845,5.3,8.01,0,0,38.78,0.000150639,4.93449E-07,0.000186398,0.000557619,0.000138735,0,0
1990,1/1/1990,0.023045132,0.015063266,0.027107158,0.047810097,0.044237485,53.4,1.721398305,5.4,8.21,0.016926601,0.009467124,38.76,0.000531078,0.000226902,0.000734798,0.002285805,0.001956955,0.00028651,8.96264E-05
1990,4/1/1990,0.01217261,0.00385833,0.015010309,-0.019144863,0.014306949,53.4,1.015360583,5.4,8.79,0,0,38.76,0.000148172,1.48867E-05,0.000225309,0.000366526,0.000204689,0,0
1990,7/1/1990,0.016730983,-0.01369863,0.009669294,0.024886142,0.016852903,53.4,1.726804124,5.5,8.47,0,0,38.76,0.000279926,0.000187652,9.34952E-05,0.00061932,0.00028402,0,0
1990,10/1/1990,0.005511217,-0.053257394,0.020843393,0.027297254,0.023599351,53.4,1.621484672,5.9,8.72,0,0,38.76,3.03735E-05,0.00283635,0.000434447,0.00074514,0.000556929,0,0
1991,1/1/1991,0.001473668,-0.024168865,0.012376823,-0.041711726,0.008799718,51.8,0.822737472,6.4,8.09,0.019190483,0.012040877,38.32,2.1717E-06,0.000584134,0.000153186,0.001739868,7.7435E-05,0.000368275,0.000144983
1991,4/1/1991,0.01375981,0.002054943,0.009655817,-0.010317588,0.030530356,51.8,0.59347181,6.7,8.04,0,0,38.32,0.000189332,4.22279E-06,9.32348E-05,0.000106453,0.000932103,0,0
1991,7/1/1991,0.011815936,0.022665947,0.007481104,0.012705652,0.016759777,51.8,0.786627335,6.8,8.27,0,0,38.32,0.000139616,0.000513745,5.59669E-05,0.000161434,0.00028089,0,0
1991,10/1/1991,0.006719855,0.033034301,0.001913802,0.026700981,0.024309024,51.8,0.756097561,7,7.53,0,0,38.32,4.51565E-05,0.001091265,3.66264E-06,0.000712942,0.000590929,0,0
1992,1/1/1992,0.0251,-0.022476502,0.013447433,0.011749961,0.016417425,53.6,0.702009199,7.3,7.03,0.005085625,0.035841816,39.41,0.00063001,0.000505193,0.000180833,0.000138062,0.000269532,2.58636E-05,0.001284636
1992,4/1/1992,0.013486489,0.058841973,0.006332931,0.020439765,0.001439309,53.6,0.817307692,7.4,7.48,0,0,39.41,0.000181885,0.003462378,4.0106E-05,0.000417784,2.07161E-06,0,0
1992,7/1/1992,0.017157158,0.01095647,0.014384177,0.028679818,0.021079527,53.6,0.78683834,7.7,6.84,0,0,39.41,0.000294368,0.000120044,0.000206905,0.000822532,0.000444346,0,0
1992,10/1/1992,0.018973267,0.033001367,0.006499261,0.015636525,0.003127932,53.6,0.709723208,7.3,6.59,0,0,39.41,0.000359985,0.00108909,4.22404E-05,0.000244501,9.78396E-06,0,0
1993,1/1/1993,0.009820765,0.024385633,-0.008071617,0.015686275,0.003429997,50.3,0.845665962,7.3,6.6,0.007118458,0.027739674,39.1,9.64474E-05,0.000594659,6.5151E-05,0.000246059,1.17649E-05,5.06724E-05,0.00076949
1993,4/1/1993,0.015886884,0.00987267,0.005400207,0.024310024,0.014760721,50.3,0.768693222,7.1,5.97,0,0,39.1,0.000252393,9.74696E-05,2.91622E-05,0.000590977,0.000217879,0,0
1993,7/1/1993,0.01552528,0.001279123,0.006106983,0.004188189,-0.00336855,50.3,0.392972723,6.9,5.81,0,0,39.1,0.000241034,1.63616E-06,3.72952E-05,1.75409E-05,1.13471E-05,0,0
1993,10/1/1993,0.014597076,0.052194543,0.010238409,0.035729181,0.03180212,50.3,0.690766751,6.8,5.33,0,0,39.1,0.000213075,0.00272427,0.000104825,0.001276574,0.001011375,0,0
1994,1/1/1994,0.015046017,0.042147255,-0.005791226,0.022550336,0.014294223,54.7,0.640292705,6.6,5.75,0.006994332,0.028450775,39.13,0.000226383,0.001776391,3.35383E-05,0.000508518,0.000204325,4.89207E-05,0.000809447
1994,4/1/1994,0.013416429,0.052592161,0.01164992,0.046993962,0.037874339,54.7,0.636219041,6.4,6.97,0,0,39.13,0.000180001,0.002765935,0.000135721,0.002208432,0.001434466,0,0
1994,7/1/1994,0.014861633,-0.010435608,0.024470995,0.045386158,0.042291372,54.7,0.880559946,6.1,7.3,0,0,39.13,0.000220868,0.000108902,0.00059883,0.002059903,0.00178856,0,0
1994,10/1/1994,0.015548729,0.044659263,-0.000351272,0.032142,0.029447686,54.7,0.470008953,5.8,7.74,0,0,39.13,0.000241763,0.00199445,1.23392E-07,0.001033108,0.000867166,0,0
1995,1/1/1995,0.007396358,0.015295197,0.010331014,0.030560074,0.030319009,53.9,0.824237024,5.6,7.78,0.007302229,0.029006197,39.9,5.47061E-05,0.000233943,0.00010673,0.000933918,0.000919242,5.33225E-05,0.000841359
1995,4/1/1995,0.014642975,-0.017776439,0.010642738,0.024128989,0.022134084,53.9,0.883782589,5.8,7.06,0,0,39.9,0.000214417,0.000316002,0.000113268,0.000582208,0.000489918,0,0
1995,7/1/1995,0.013195233,-0.000613497,0.00192718,-0.002752395,0.040680936,53.9,0.438020149,5.7,6.28,0,0,39.9,0.000174114,3.76379E-07,3.71402E-06,7.57568E-06,0.001654939,0,0
1995,10/1/1995,0.011402965,0.024478207,-0.002816514,0.003753588,0.009622324,53.9,0.47972089,5.5,6.04,0,0,39.9,0.000130028,0.000599183,7.93275E-06,1.40894E-05,9.25891E-05,0,0
1996,1/1/1996,0.014814961,0.015204854,0.013571232,0.03024637,0.010126281,54.3,0.911458333,5.6,5.65,0.007051163,0.030107616,40.8,0.000219483,0.000231188,0.000184178,0.000914843,0.000102542,4.97189E-05,0.000906469
1996,4/1/1996,0.017522317,0.046480744,0.011146605,0.017188,0.013091166,54.3,0.989247312,5.6,6.51,0,0,40.8,0.000307032,0.00216046,0.000124247,0.000295427,0.000171379,0,0
1996,7/1/1996,0.010343837,0.039481105,0.006049607,0.022040302,0.000698487,54.3,0.532367973,5.5,6.87,0,0,40.8,0.000106995,0.001558758,3.65977E-05,0.000485775,4.87884E-07,0,0
1996,10/1/1996,0.014845009,0.003865979,0.012694595,0.019305812,0.051419265,54.3,0.720186401,5.2,6.53,0,0,40.8,0.000220374,1.49458E-05,0.000161153,0.000372714,0.002643941,0,0
1997,1/1/1997,0.015001495,0.02857915,0.000197928,0.034857949,0.016154016,53.4,0.672975815,5.3,6.58,0.002493072,0.034691482,41.55,0.000225045,0.000816768,3.91755E-08,0.001215077,0.000260952,6.21541E-06,0.001203499
1997,4/1/1997,0.007030977,0.044534945,0.017480211,0.012169003,0.039307491,53.4,0.396908293,5.1,6.89,0,0,41.55,4.94346E-05,0.001983361,0.000305558,0.000148085,0.001545079,0,0
1997,7/1/1997,0.01972109,0.022072695,0.008233387,0.030008656,0.020534311,53.4,0.395339159,4.9,6.22,0,0,41.55,0.000388921,0.000487204,6.77887E-05,0.000900519,0.000421658,0,0
1997,10/1/1997,0.015127617,0.011813204,0.012602881,0.013446634,-0.005954214,53.4,0.393782383,4.7,6.03,0,0,41.55,0.000228845,0.000139552,0.000158833,0.000180812,3.54527E-05,0,0
1998,1/1/1998,0.010187866,0.041228337,-0.004318009,0.011886114,-0.00547351,52.9,0.268373245,4.6,5.54,-0.000800623,0.034934331,41.92,0.000103793,0.001699776,1.86452E-05,0.00014128,2.99593E-05,6.40997E-07,0.001220407
1998,4/1/1998,0.019453621,-0.009636162,0.022767857,0.010380623,-0.016303219,52.9,0.535309862,4.3,5.64,0,0,41.92,0.000378443,9.28556E-05,0.000518375,0.000107757,0.000265795,0,0
1998,7/1/1998,0.016150602,0.027007902,0.014715969,0.000270368,-0.012667582,52.9,0.389105058,4.5,5.46,0,0,41.92,0.000260842,0.000729427,0.00021656,7.30989E-08,0.000160468,0,0
1998,10/1/1998,0.017108726,0.03180983,0.0124132,0.031624471,0.033144446,52.9,0.346797226,4.5,4.53,0,0,41.92,0.000292709,0.001011865,0.000154088,0.001000107,0.001098554,0,0
1999,1/1/1999,0.01224246,0.031218698,0.013110774,0.024716157,-0.005691814,53.3,0.386257369,4.3,4.72,-0.002921272,0.036279722,42.28,0.000149878,0.000974607,0.000171892,0.000610888,3.23967E-05,8.53383E-06,0.001316218
1999,4/1/1999,0.021075057,-0.002590254,0.01539752,0.041592091,0.014363031,53.3,0.972053463,4.3,5.18,0,0,42.28,0.000444158,6.70942E-06,0.000237084,0.001729902,0.000206297,0,0
1999,7/1/1999,0.01680416,0.024563112,0.023129573,0.048768513,0.031500103,53.3,0.621740874,4.3,5.79,0,0,42.28,0.00028238,0.000603346,0.000534977,0.002378368,0.000992256,0,0
1999,10/1/1999,0.020788282,0.031367165,0.027508651,0.039790903,0.025564508,53.3,0.617899143,4.1,6.11,0,0,42.28,0.000432153,0.000983899,0.000756726,0.001583316,0.000653544,0,0
2000,1/1/2000,0.023380238,-0.001228816,0.004602346,0.057627373,0.021241513,53.7,0.990491284,4,6.66,-0.003304706,0.034332963,42.73,0.000546636,1.50999E-06,2.11816E-05,0.003320914,0.000451202,1.09211E-05,0.001178752
2000,4/1/2000,0.014157928,0.064130825,0.018213308,0.032919475,0.038465191,53.7,1.059238917,3.8,5.99,0,0,42.73,0.000200447,0.004112763,0.000331725,0.001083692,0.001479571,0,0
2000,7/1/2000,0.016105723,-0.007611523,0.00526749,0.043272203,0.028900677,53.7,0.795807453,4,6.05,0,0,42.73,0.000259394,5.79353E-05,2.77465E-05,0.001872484,0.000835249,0,0
2000,10/1/2000,0.014457478,0.003495146,0.015937995,0.003686879,-0.010488889,53.7,0.539187368,3.9,5.74,0,0,42.73,0.000209019,1.2216E-05,0.00025402,1.35931E-05,0.000110017,0,0
2001,1/1/2001,0.011086058,-0.046391254,0.024176651,-0.016398819,-0.014732303,53.8,0.957670944,4.2,5.16,-0.005296555,0.033054426,41.94,0.000122901,0.002152148,0.00058451,0.000268921,0.000217041,2.80535E-05,0.001092595
2001,4/1/2001,0.006718797,0.000862375,0.021717463,-0.051683895,-0.035375638,53.8,1.043445267,4.4,5.14,0,0,41.94,4.51422E-05,7.43691E-07,0.000471648,0.002671225,0.001251436,0,0
2001,7/1/2001,0.003975974,-0.014242271,0.002926529,-0.036919831,-0.055860113,53.8,0.131430717,4.6,5.24,0,0,41.94,1.58084E-05,0.000202842,8.56457E-06,0.001363074,0.003120352,0,0
2001,10/1/2001,0.016548096,-0.048742866,0.020118767,-0.033807959,-0.045449995,53.8,-0.281267579,5.3,4.57,0,0,41.94,0.000273839,0.002375867,0.000404765,0.001142978,0.002065702,0,0
2002,1/1/2002,0.004229683,0.033836009,0.023736639,0.024788392,0.016465653,52,0.357277172,5.7,5.04,-0.006305707,0.034174439,41.49,1.78902E-05,0.001144876,0.000563428,0.000614464,0.000271118,3.97619E-05,0.001167892
2002,4/1/2002,0.012510911,0.010770116,0.016911765,0.056342183,0.036112258,52,1.086752857,5.9,5.21,0,0,41.49,0.000156523,0.000115995,0.000286008,0.003174442,0.001304095,0,0
2002,7/1/2002,0.012192118,-5.17E-05,0.012918776,0.021432561,0.01135232,52,0.426320667,5.8,4.65,0,0,41.49,0.000148648,2.67548E-09,0.000166895,0.000459355,0.000128875,0,0
2002,10/1/2002,0.010260778,0.004810677,0.019464141,0.024741986,-0.012406459,52,0.313768918,5.7,3.94,0,0,41.49,0.000105284,2.31426E-05,0.000378853,0.000612166,0.00015392,0,0
2003,1/1/2003,0.012605379,0.009111969,0.013910933,0.020142733,0.001196411,55,1.011959522,5.8,4.05,-0.007051934,0.031986748,41.64,0.000158896,8.3028E-05,0.000193514,0.00040573,1.4314E-06,4.97298E-05,0.001023152
2003,4/1/2003,0.012461677,0.006223855,0.012338858,-0.001438379,0.003286198,55,0.364298725,6,3.96,0,0,41.64,0.000155293,3.87364E-05,0.000152247,2.06893E-06,1.07991E-05,0,0
2003,7/1/2003,0.020805325,0.036453052,0.00982354,0.018987756,0.029578164,55,0.490018149,6.2,3.98,0,0,41.64,0.000432862,0.001328825,9.65019E-05,0.000360535,0.000874868,0,0
2003,10/1/2003,0.01184007,0.042557355,0.013871375,0.037974684,0.052443845,55,0.018060321,6,4.29,0,0,41.64,0.000140187,0.001811128,0.000192415,0.001442077,0.002750357,0,0
2004,1/1/2004,0.017097365,0.010697696,0.015724947,0.052123313,0.038472108,52.1,0.902853016,5.7,4.15,-0.003970958,0.03060248,42.42,0.00029232,0.000114441,0.000247274,0.00271684,0.001480103,1.57685E-05,0.000936512
2004,4/1/2004,0.012213001,0.050369064,0.014912971,0.051835726,0.032195466,52.1,1.431639227,5.6,4.35,0,0,42.42,0.000149157,0.002537043,0.000222397,0.002686942,0.001036548,0,0
2004,7/1/2004,0.016717605,0.024617696,0.01538329,0.025283884,0.008545548,52.1,0.352858151,5.5,4.5,0,0,42.42,0.000279478,0.000606031,0.000236646,0.000639275,7.30264E-05,0,0
2004,10/1/2004,0.019955815,0.03097097,0.013749788,0.048502373,0.034909337,52.1,0.597749648,5.5,4.1,0,0,42.42,0.000398235,0.000959201,0.000189057,0.00235248,0.001218662,0,0
2005,1/1/2005,0.012203205,0.040165683,0.015614534,0.017327505,0.030293106,53.4,0.629150647,5.3,4.22,-0.003643404,0.031044756,43.59,0.000148918,0.001613282,0.000243814,0.000300242,0.000917672,1.32744E-05,0.000963777
2005,4/1/2005,0.017470211,-0.00386147,0.010758007,0.024039691,0.029005086,53.4,1.337269885,5.2,4.34,0,0,43.59,0.000305208,1.4911E-05,0.000115735,0.000577907,0.000841295,0,0
2005,7/1/2005,0.019192976,0.022047244,0.017209037,0.025573148,0.005714727,53.4,1.216795201,5,4.18,0,0,43.59,0.00036837,0.000486081,0.000296151,0.000653986,3.26581E-05,0,0
2005,10/1/2005,0.009832997,0.045118723,0.013630532,0.049773535,0.037165016,53.4,0.507958009,5,4.46,0,0,43.59,9.66878E-05,0.002035699,0.000185791,0.002477405,0.001381238,0,0
2006,1/1/2006,0.016180362,0.024345065,0.020447714,0.022871723,0.046864589,53.8,0.539083558,4.7,4.42,-0.001512792,0.028424185,44.29,0.000261804,0.000592682,0.000418109,0.000523116,0.00219629,2.28854E-06,0.000807934
2006,4/1/2006,0.013999692,-0.000147618,0.011821247,0.022224238,0.032390382,53.8,1.692359249,4.7,4.99,0,0,44.29,0.000195991,2.17911E-08,0.000139742,0.000493917,0.001049137,0,0
2006,7/1/2006,0.013676362,3.69E-05,0.007546158,0.01992191,0.010686395,53.8,0.56022409,4.7,5.09,0,0,44.29,0.000187043,1.36234E-09,5.69445E-05,0.000396882,0.000114199,0,0
2006,10/1/2006,0.00786846,-0.012548904,0.016804167,-0.012833341,0.038023587,53.8,-0.85203998,4.4,4.73,0,0,44.29,6.19127E-05,0.000157475,0.00028238,0.000164695,0.001445793,0,0
2007,1/1/2007,0.015348877,-0.004148912,0.016451673,0.021196898,0.03036239,53.8,1.019170385,4.6,4.76,-0.00156448,0.024623675,44.04,0.000235588,1.72135E-05,0.000270658,0.000449308,0.000921875,2.4476E-06,0.000606325
2007,4/1/2007,0.011136532,0.013099125,0.018944271,0.022137833,0.028390368,53.8,1.917329089,4.5,4.69,0,0,44.04,0.000124022,0.000171587,0.000358885,0.000490084,0.000806013,0,0
2007,7/1/2007,0.012367363,-0.004890338,0.013971119,0.019462974,0.038760168,53.8,0.275928711,4.7,5,0,0,44.04,0.000152952,2.39154E-05,0.000195192,0.000378807,0.001502351,0,0
2007,10/1/2007,0.014155372,-0.016157856,0.020080464,0.027208349,0.038559649,53.8,0.711214555,4.7,4.53,0,0,44.04,0.000200375,0.000261076,0.000403225,0.000740294,0.001486847,0,0
2008,1/1/2008,0.0067726,-0.029856959,0.015531744,0.042009353,0.035757126,51.9,1.136773642,5,3.74,-0.001329953,0.020100814,43.56,4.58681E-05,0.000891438,0.000241235,0.001764786,0.001278572,1.76877E-06,0.000404043
2008,4/1/2008,0.01254448,-0.009010415,0.021308771,0.037568676,0.050736227,51.9,2.195344656,5,3.68,0,0,43.56,0.000157364,8.11876E-05,0.000454064,0.001411405,0.002574165,0,0
2008,7/1/2008,0.002882556,-0.016688971,0.019316193,0.010403848,0.008869994,51.9,1.163055346,5.8,4.01,0,0,43.56,8.30913E-06,0.000278522,0.000373115,0.00010824,7.86768E-05,0,0
2008,10/1/2008,-0.024825034,-0.076174846,-0.002377022,-0.140537349,-0.115440641,51.9,-2.828529429,6.5,3.81,0,0,43.56,0.000616282,0.005802607,5.65023E-06,0.019750746,0.013326542,0,0
2009,1/1/2009,-0.009276363,-0.126955241,6.62E-05,-0.170044658,-0.110862789,52.1,-0.497633075,7.8,2.52,-0.002291336,0.021053554,42.45,8.60509E-05,0.016117633,4.38055E-09,0.028915186,0.012290558,5.25022E-06,0.000443252
2009,4/1/2009,-0.000967906,-0.075040945,0.016048974,-0.027576573,0.006151607,52.1,1.060302337,9,2.93,0,0,42.45,9.36842E-07,0.005631143,0.00025757,0.000760467,3.78423E-05,0,0
2009,7/1/2009,0.013655601,-0.011965445,0.007034685,0.074062251,0.048386036,52.1,0.679071982,9.5,3.56,0,0,42.45,0.000186475,0.000143172,4.94868E-05,0.005485217,0.002341208,0,0
2009,10/1/2009,0.006599996,0.085424134,0.009281718,0.078317729,0.068225999,52.1,0.201188589,10,3.39,0,0,42.45,4.35599E-05,0.007297283,8.61503E-05,0.006133667,0.004654787,0,0
2010,1/1/2010,0.009675162,0.019762846,0.004165599,0.042401691,0.033108306,52.7,0.401415054,9.8,3.73,-0.048244221,0.018644673,43.81,9.36088E-05,0.00039057,1.73522E-05,0.001797903,0.00109616,0.002327505,0.000347624
2010,4/1/2010,0.010522877,0.054263566,0.010211245,0.041073553,0.033979203,52.7,0.475072152,9.9,3.85,0,0,43.81,0.000110731,0.002944535,0.00010427,0.001687037,0.001154586,0,0
2010,7/1/2010,0.009081024,0.040813477,-0.002369069,0.02916649,0.031653569,52.7,0.093250498,9.4,3.01,0,0,43.81,8.2465E-05,0.00166574,5.61249E-06,0.000850684,0.001001948,0,0
2010,10/1/2010,0.012571839,0.000849542,0.001899756,0.026530109,0.050498056,52.7,0.294916321,9.4,2.54,0,0,43.81,0.000158051,7.21722E-07,3.60907E-06,0.000703847,0.002550054,0,0
2011,1/1/2011,0.012262351,-0.014474625,-0.002686218,0.045358016,0.034633132,51.8,1.264822375,9.1,3.39,0.004605589,0.012537412,44.26,0.000150365,0.000209515,7.21577E-06,0.00205735,0.001199454,2.12115E-05,0.000157187
2011,4/1/2011,0.010873065,0.041432457,0.003960961,0.033845682,0.037100569,51.8,1.743310892,9.1,3.46,0,0,44.26,0.000118224,0.001716648,1.56892E-05,0.00114553,0.001376452,0,0
2011,7/1/2011,0.007682938,0.011055976,-0.009910678,0.009899155,0.019233496,51.8,0.408517984,9,3,0,0,44.26,5.90275E-05,0.000122235,9.82215E-05,9.79933E-05,0.000369927,0,0
2011,10/1/2011,0.005039517,0.078052351,-0.001944595,0.010279379,-0.003106454,51.8,-0.15205577,8.8,2.15,0,0,44.26,2.53967E-05,0.006092169,3.78145E-06,0.000105666,9.65006E-06,0,0
2012,1/1/2012,0.013886319,0.025438281,0.004216175,0.014680766,0.018557276,56.6,0.795638656,8.3,1.97,0.003297729,0.00045061,45.59,0.00019283,0.000647106,1.77761E-05,0.000215525,0.000344372,1.0875E-05,2.03049E-07
2012,4/1/2012,0.004179099,0.026910195,-0.0043257,-0.004118469,0.011689498,56.6,0.827531738,8.2,2.05,0,0,45.59,1.74649E-05,0.000724159,1.87117E-05,1.69618E-05,0.000136644,0,0
2012,7/1/2012,0.004934076,0.002730479,0.002779198,-0.010788262,0.005461275,56.6,0.219328148,8.2,1.53,0,0,45.59,2.43451E-05,7.45552E-06,7.72394E-06,0.000116387,2.98255E-05,0,0
2012,10/1/2012,0.009611733,-0.002193563,-0.002166226,0.00094518,0.004399156,56.6,0.03604047,7.8,1.75,0,0,45.59,9.23854E-05,4.81172E-06,4.69254E-06,8.93365E-07,1.93526E-05,0,0
2013,1/1/2013,0.010030719,0.040973354,-0.002809437,0.000690056,0.008223464,53.3,0.590329876,8,1.91,0.005568397,0.002379798,44.9,0.000100615,0.001678816,7.89294E-06,4.76177E-07,6.76254E-05,3.1007E-05,5.66344E-06
2013,4/1/2013,0.003369481,0.01230702,0.002433168,0.001633216,0.002438051,53.3,0.540980612,7.6,1.76,0,0,44.9,1.13534E-05,0.000151463,5.92031E-06,2.66739E-06,5.94409E-06,0,0
2013,7/1/2013,0.008192158,0.040356809,0.001309444,0.002681354,0.010480233,53.3,0.377979341,7.3,2.58,0,0,44.9,6.71115E-05,0.001628672,1.71464E-06,7.18966E-06,0.000109835,0,0
2013,10/1/2013,0.012517093,0.01448624,0.001690482,0.005818156,0.028051289,53.3,-0.279067646,7.2,2.62,0,0,44.9,0.000156678,0.000209851,2.85773E-06,3.38509E-05,0.000786875,0,0
2014,1/1/2014,0.00820694,-0.003919163,-0.000445789,0.025293716,-0.00238379,55.6,0.76122253,6.6,2.86,0.006182198,0.003445449,45.58,6.73539E-05,1.53598E-05,1.98728E-07,0.000639772,5.68245E-06,3.82196E-05,1.18711E-05
2014,4/1/2014,0.014125021,0.046633365,0.004874008,0.016434804,0.022017409,55.6,1.180867814,6.2,2.71,0,0,45.58,0.000199516,0.002174671,2.3756E-05,0.000270103,0.000484766,0,0
2014,7/1/2014,0.012641294,0.027099474,0.011824753,-0.004171551,0.001670007,55.6,0.114675844,6.2,2.54,0,0,45.58,0.000159802,0.000734381,0.000139825,1.74018E-05,2.78892E-06,0,0
2014,10/1/2014,0.010184117,0.009548059,-0.00075195,0.006404708,-0.009586529,55.6,-0.803351757,5.7,2.3,0,0,45.58,0.000103716,9.11654E-05,5.65429E-07,4.10203E-05,9.19015E-05,0,0
2015,1/1/2015,0.003161833,0.034773014,-0.000438968,-0.028035776,-0.032488848,56.3,-0.543199002,5.7,1.88,0.004400535,0.005333084,45.5,9.99719E-06,0.001209163,1.92693E-07,0.000786005,0.001055525,1.93647E-05,2.84418E-05
2015,4/1/2015,0.011906137,0.002681047,0.014492299,-0.005485755,0.00060896,56.3,1.205595644,5.4,1.94,0,0,45.5,0.000141756,7.18801E-06,0.000210027,3.00935E-05,3.70832E-07,0,0
2015,7/1/2015,0.009654194,0.003828507,0.006029498,-0.003985765,-0.017257868,56.3,0.262677374,5.2,2.32,0,0,45.5,9.32035E-05,1.46575E-05,3.63548E-05,1.58863E-05,0.000297834,0,0
2015,10/1/2015,0.003303049,-0.008112117,0.001383083,-0.019043876,-0.016985889,56.3,-0.449843688,5,2.07,0,0,45.5,1.09101E-05,6.58064E-05,1.91292E-06,0.000362669,0.00028852,0,0
2016,1/1/2016,0.008033228,-0.009948427,0.003683128,-0.018903661,-0.018134365,56.2,0.064634066,4.8,2.09,0.009911089,0.0040092,45.36,6.45328E-05,9.89712E-05,1.35654E-05,0.000357348,0.000328855,9.82297E-05,1.60737E-05
2016,4/1/2016,0.01133097,0.000647289,0.00596312,0.006571132,0.018285976,56.2,1.172350557,5.1,1.81,0,0,45.36,0.000128391,4.18983E-07,3.55588E-05,4.31798E-05,0.000334377,0,0
2016,7/1/2016,0.010422342,0.004682109,0.007782101,0.014716188,0.021648139,56.2,0.332681941,4.8,1.5,0,0,45.36,0.000108625,2.19221E-05,6.05611E-05,0.000216566,0.000468642,0,0
2016,10/1/2016,0.009760024,0.03047584,0.0066361,0.017410584,-0.000748899,56.2,0.222574197,4.9,1.76,0,0,45.36,9.52581E-05,0.000928777,4.40378E-05,0.000303128,5.6085E-07,0,0
2017,1/1/2017,0.013566011,0.000624814,0.004764473,0.026437069,0.031477318,56.1,0.790736963,4.7,2.43,0.009720902,6.65E-05,45.46,0.000184037,3.90393E-07,2.27002E-05,0.000698919,0.000990822,9.44959E-05,4.42173E-09
2017,4/1/2017,0.006978538,0.020784395,0.005159405,0.010476489,0.004274052,56.1,0.543517706,4.4,2.3,0,0,45.46,4.87E-05,0.000431991,2.66195E-05,0.000109757,1.82675E-05,0,0
2017,7/1/2017,0.010342187,0.019545587,0.00845597,0.004408928,0.014810401,56.1,0.396615691,4.3,2.32,0,0,45.46,0.000106961,0.00038203,7.15034E-05,1.94386E-05,0.000219348,0,0
2017,10/1/2017,0.016982987,0.021227965,0.019771102,0.040466392,0.039672887,56.1,0.370629636,4.2,2.36,0,0,45.46,0.000288422,0.000450626,0.000390896,0.001637529,0.001573938,0,0
2018,1/1/2018,0.014293726,0.019919427,0.013790716,0.019545155,0.015408818,56.2,0.88611838,4,2.58,0.009902588,-0.003683843,45.81,0.000204311,0.000396784,0.000190184,0.000382013,0.000237432,9.80612E-05,1.35707E-05
2018,4/1/2018,0.010636518,0.004690586,0.016164376,0.004105648,0.017836571,56.2,1.033075567,4,2.87,0,0,45.81,0.000113136,2.20016E-05,0.000261287,1.68563E-05,0.000318143,0,0
2018,7/1/2018,0.007983414,0.034400852,0.015515165,0.015357373,-0.010420732,56.2,0.327267568,3.8,2.89,0,0,45.81,6.37349E-05,0.001183419,0.00024072,0.000235849,0.000108592,0,0
2018,10/1/2018,0.006927483,0.003510439,0.006811726,0.005675873,0.000749359,56.2,-0.057494736,3.8,3.15,0,0,45.81,4.799E-05,1.23232E-05,4.63996E-05,3.22155E-05,5.61539E-07,0,0
2019,1/1/2019,0.003461189,0.012677538,0.014709105,-0.00911212,0.002640498,53.6,0.335116034,4,2.71,0.009968025,-0.005959941,45.67,1.19798E-05,0.00016072,0.000216358,8.30307E-05,6.97223E-06,9.93615E-05,3.55209E-05
2019,4/1/2019,0.013344642,0.011609787,0.017195303,0.0056321,0.000510986,53.6,1.198513227,3.7,2.53,0,0,45.67,0.000178079,0.000134787,0.000295678,3.17206E-05,2.61107E-07,0,0
2019,7/1/2019,0.012617878,0.011399522,0.014144684,-0.013827364,-0.005107252,53.6,0.274166008,3.7,2.06,0,0,45.67,0.000159211,0.000129949,0.000200072,0.000191196,2.6084E-05,0,0
2019,10/1/2019,0.01035288,-0.013733404,0.011461468,-0.02201046,-0.000197441,53.6,0.213017997,3.6,1.71,0,0,45.67,0.000107182,0.000188606,0.000131365,0.00048446,3.89829E-08,0,0
2020,1/1/2020,-0.013287428,-0.019921754,0.020283031,-0.037400348,-0.045736403,55.7,0.419427422,3.6,1.76,0.005491768,0.005962154,46.49,0.000176556,0.000396876,0.000411401,0.001398786,0.002091819,3.01595E-05,3.55473E-05
2020,4/1/2020,-0.090112001,-0.145359525,0.019626239,-0.20162912,-0.250279376,55.7,-0.540035417,14.8,0.66,0,0,46.49,0.008120173,0.021129392,0.000385189,0.040654302,0.062639766,0,0
2020,7/1/2020,0.097753039,0.195710291,-0.006242073,0.196286019,0.16296787,55.7,1.131485375,10.2,0.62,0,0,46.49,0.009555657,0.038302518,3.89635E-05,0.038528201,0.026558527,0,0
2020,10/1/2020,0.018711695,0.03829153,0.005580581,0.080219819,0.075856831,55.7,0.22995025,6.8,0.79,0,0,46.49,0.000350128,0.001466241,3.11429E-05,0.006435219,0.005754259,0,0
2021,1/1/2021,0.033340803,-0.002252364,0.031256999,0.048924713,0.051358983,56.3,1.0731144,6.4,1.08,0.004580748,-0.007754617,47.85,0.001111609,5.07314E-06,0.000977,0.002393628,0.002637745,2.09833E-05,6.01341E-05
2021,4/1/2021,0.048180737,-0.004415668,0.003933493,0.048815823,0.048472385,56.3,2.339788694,6.1,1.64,0,0,47.85,0.002321383,1.94981E-05,1.54724E-05,0.002382985,0.002349572,0,0
2021,7/1/2021,0.020951796,0.053148282,0.009927407,0.036033872,0.027098427,56.3,1.600975314,5.4,1.32,0,0,47.85,0.000438978,0.00282474,9.85534E-05,0.00129844,0.000734325,0,0
2021,10/1/2021,0.026594863,0.086925661,0.015494466,0.065851255,0.072915043,56.3,1.517761427,4.5,1.58,0,0,47.85,0.000707287,0.007556071,0.000240078,0.004336388,0.005316603,0,0
2022,1/1/2022,0.018686222,0.037614279,0.012843951,0.067955621,0.030692674,55.9,2.283464472,4,1.76,0.006177747,-0.007473298,48.27,0.000349175,0.001414834,0.000164967,0.004617966,0.00094204,3.81646E-05,5.58502E-05
2022,4/1/2022,0.022577008,-0.005832005,0.021821632,0.03628447,0.072843248,55.9,2.973832898,3.7,2.75,0,0,48.27,0.000509721,3.40123E-05,0.000476184,0.001316563,0.005306139,0,0
2022,7/1/2022,0.015452108,-0.003038616,0.014086102,-0.022924959,0.013205006,55.9,1.314662146,3.5,2.9,0,0,48.27,0.000238768,9.23319E-06,0.000198418,0.000525554,0.000174372,0,0
2022,10/1/2022,0.013164294,0.015154722,0.021103642,-0.02150132,-0.022921057,55.9,0.367161275,3.6,3.98,0,0,48.27,0.000173299,0.000229666,0.000445364,0.000462307,0.000525375,0,0
2023,1/1/2023,0.019679634,-0.014678287,0.015637302,-0.000128502,0.016922158,55.6,1.044906557,3.4,3.53,0.061533132,-0.002046728,,0.000387288,0.000215452,0.000244525,1.65128E-08,0.000286359,0.003786326,4.1891E-06
2023,4/1/2023,0.008177519,0.011532439,0.005577209,-0.031512659,-0.033607413,55.6,1.192332172,3.4,3.46,0,0,,6.68718E-05,0.000132997,3.11053E-05,0.000993048,0.001129458,0,0
2023,7/1/2023,0.014143005,0.028178148,0.026767742,0.011173333,0.023296644,55.6,0.866426547,3.5,3.9,0,0,,0.000200025,0.000794008,0.000716512,0.000124843,0.000542734,0,0
2023,10/1/2023,0.012580637,0.008016277,0.016059064,0.006666667,0.006895869,55.6,0.104507738,3.8,4.8,0,0,,0.000158272,6.42607E-05,0.000257894,4.44444E-05,4.7553E-05,0,0
